<?xml version="1.0" encoding="UTF-8"?>

<StructureDefinition xmlns="http://hl7.org/fhir">
  <id value="code"/>
  <text>
    <status value="generated"/>
    <div xmlns="http://www.w3.org/1999/xhtml">to do</div>
  </text>
  <url value="http://hl7.org/fhir/StructureDefinition/code"/>
  <name value="code"/>
  <status value="draft"/>
  <publisher value="HL7 FHIR Standard"/>
  <contact>
    <telecom>
      <system value="other"/>
      <value value="http://hl7.org/fhir"/>
    </telecom>
  </contact>
  <date value="2015-09-30T23:39:40+10:00"/>
  <description value="Base StructureDefinition for code type: A string which has at least one character and no leading or trailing whitespace and where there is no whitespace other than single spaces in the contents"/>
  <fhirVersion value="1.0.1"/>
  <kind value="datatype"/>
  <constrainedType value="string"/>
  <abstract value="false"/>
  <base value="http://hl7.org/fhir/StructureDefinition/string"/>
  <snapshot>
    <element>
      <path value="string"/>
      <short value="Primitive Type code"/>
      <definition value="A string which has at least one character and no leading or trailing whitespace and where there is no whitespace other than single spaces in the contents"/>
      <min value="0"/>
      <max value="*"/>
      <base>
        <path value="string"/>
        <min value="0"/>
        <max value="*"/>
      </base>
      <type>
        <code value="Element"/>
      </type>
    </element>
    <element>
      <path value="string.extension"/>
      <short value="Additional Content defined by implementations"/>
      <definition value="May be used to represent additional information that is not part of the basic definition of the resource. In order to make the use of extensions safe and manageable, there is a strict set of governance  applied to the definition and use of extensions. Though any implementer is allowed to define an extension, there is a set of requirements that SHALL be met as part of the definition of the extension."/>
      <comments value="There can be no stigma associated with the use of extensions by any application, project, or standard - regardless of the institution or jurisdiction that uses or defines the extensions.  The use of extensions is what allows the FHIR specification to retain a core level of simplicity for everyone."/>
      <alias value="extensions"/>
      <alias value="user content"/>
      <min value="0"/>
      <max value="*"/>
      <base>
        <path value="string.extension"/>
        <min value="0"/>
        <max value="*"/>
      </base>
      <type>
        <code value="Extension"/>
      </type>
    </element>
  <!-- Note: not have an assigned type
        The actual value domain is assumed to be known by magic by
        reading the spec and from the name of the primitive type -->
  <!-- Schema Type: xs:token -->
  <!-- Regex: [^\s]+([\s][^\s]+)* -->
    <element>
      <path value="string.value"/>
      <representation value="xmlAttr"/>
      <short value="Primitive value for code"/>
      <definition value="Primitive value for code"/>
      <min value="0"/>
      <max value="1"/>
      <base>
        <path value="string.value"/>
        <min value="0"/>
        <max value="1"/>
      </base>
    </element>
  </snapshot>
  <differential>
    <element>
      <path value="string"/>
      <short value="Primitive Type code"/>
      <definition value="A string which has at least one character and no leading or trailing whitespace and where there is no whitespace other than single spaces in the contents"/>
      <min value="0"/>
      <max value="*"/>
      <type>
        <code value="Element"/>
      </type>
    </element>
  <!-- Note: not have an assigned type
        The actual value domain is assumed to be known by magic by
        reading the spec and from the name of the primitive type -->
  <!-- Schema Type: xs:token -->
  <!-- Regex: [^\s]+([\s][^\s]+)* -->
    <element>
      <path value="string.value"/>
      <representation value="xmlAttr"/>
      <short value="Primitive value for code"/>
      <definition value="Primitive value for code"/>
      <min value="0"/>
      <max value="1"/>
    </element>
  </differential>
</StructureDefinition>